"","v","CATE_v","mean_est","mean_SE","bias","alg","CI.80","CI.80.SE","CI.95","CI.95.SE"
"1","-0.25","-0.09765625",-0.0928867781362353,0.046790119683775,0,"ch = 0.25",0.84,0.0366606055596467,0.9,0.03
"2","-0.25","-0.09765625",-0.087125119614332,0.0322589580881227,0,"ch = 0.5",0.82,0.0384187454245971,0.9,0.03
"3","-0.25","-0.09765625",-0.0713982598855539,0.0224652700383918,0,"ch = 1",0.51,0.0499899989998,0.74,0.0438634243989226
"4","-0.25","-0.09765625",-0.0708348829317213,0.0257141418643299,1,"ch = 0.25",0.57,0.0495075751779463,0.69,0.0462493243193887
"5","-0.25","-0.09765625",-0.0683203646978355,0.0175443631862386,1,"ch = 0.5",0.4,0.0489897948556636,0.52,0.0499599839871872
"6","-0.25","-0.09765625",-0.0587353941970113,0.0114893487035268,1,"ch = 1",0.14,0.0346987031457949,0.28,0.0448998886412873
"7","0","0",0.00820221058107428,0.0249812875607536,0,"ch = 0.25",0.72,0.0448998886412873,0.93,0.0255147016443461
"8","0","0",0.00951177617689667,0.0205144334686838,0,"ch = 0.5",0.75,0.0433012701892219,0.93,0.0255147016443461
"9","0","0",0.0293745271312862,0.0206871719131295,0,"ch = 1",0.41,0.0491833305094318,0.73,0.0443959457608462
"10","0","0",0.00624240069889538,0.00967826657116383,1,"ch = 0.25",0.49,0.0499899989998,0.68,0.0466476151587624
"11","0","0",0.0117712092332465,0.0105581675458288,1,"ch = 0.5",0.45,0.049749371855331,0.74,0.0438634243989226
"12","0","0",0.0274348756847152,0.0124649707889191,1,"ch = 1",0.2,0.04,0.4,0.0489897948556636
"13","0.25","0.31640625",0.333168476495468,0.140710436183338,0,"ch = 0.25",0.89,0.031288975694324,0.97,0.017058722109232
"14","0.25","0.31640625",0.327319815551803,0.0992806819802926,0,"ch = 0.5",0.92,0.0271293199325011,0.99,0.0099498743710662
"15","0.25","0.31640625",0.316827544611079,0.0780873267680066,0,"ch = 1",0.88,0.0324961536185438,0.95,0.0217944947177034
"16","0.25","0.31640625",0.250752630283144,0.0854415049324122,1,"ch = 0.25",0.67,0.047021271782035,0.92,0.0271293199325011
"17","0.25","0.31640625",0.247855035826054,0.0573703956385814,1,"ch = 0.5",0.55,0.049749371855331,0.76,0.0427083130081252
"18","0.25","0.31640625",0.232210954498939,0.038198060408623,1,"ch = 1",0.21,0.0407308237088326,0.38,0.0485386443980464
