"","v","CATE_v","mean_est","mean_SE","bias","alg","CI.80","CI.80.SE","CI.95","CI.95.SE"
"1","-0.25","-0.09765625",-0.0768774746531563,0.0299752571813026,0,"ch = 0.25",0.67,0.047021271782035,0.79,0.0407308237088326
"2","-0.25","-0.09765625",-0.0743132571651593,0.020580801971194,0,"ch = 0.5",0.53,0.0499099188538711,0.67,0.047021271782035
"3","-0.25","-0.09765625",-0.0622310445355426,0.0135671458316377,0,"ch = 1",0.24,0.0427083130081252,0.39,0.0487749935930288
"4","-0.25","-0.09765625",-0.0708348829317213,0.0257141418643299,1,"ch = 0.25",0.57,0.0495075751779463,0.69,0.0462493243193887
"5","-0.25","-0.09765625",-0.0683203646978355,0.0175443631862386,1,"ch = 0.5",0.4,0.0489897948556636,0.52,0.0499599839871872
"6","-0.25","-0.09765625",-0.0587353941970113,0.0114893487035268,1,"ch = 1",0.14,0.0346987031457949,0.28,0.0448998886412873
"7","0","0",0.00587269652361524,0.0121270271234182,0,"ch = 0.25",0.54,0.0498397431775085,0.81,0.0392300904918661
"8","0","0",0.0097347980099709,0.0119659890381301,0,"ch = 0.5",0.5,0.05,0.79,0.0407308237088326
"9","0","0",0.0252517727434,0.0133283077114971,0,"ch = 1",0.27,0.0443959457608462,0.53,0.0499099188538711
"10","0","0",0.00624240069889538,0.00967826657116383,1,"ch = 0.25",0.49,0.0499899989998,0.68,0.0466476151587624
"11","0","0",0.0117712092332465,0.0105581675458288,1,"ch = 0.5",0.45,0.049749371855331,0.74,0.0438634243989226
"12","0","0",0.0274348756847152,0.0124649707889191,1,"ch = 1",0.2,0.04,0.4,0.0489897948556636
"13","0.25","0.31640625",0.257314866336435,0.0885982678253202,0,"ch = 0.25",0.74,0.0438634243989226,0.93,0.0255147016443461
"14","0.25","0.31640625",0.256140058231515,0.0605890470700386,0,"ch = 0.5",0.58,0.0493558507170123,0.82,0.0384187454245971
"15","0.25","0.31640625",0.238920010532931,0.0408994489649454,0,"ch = 1",0.22,0.041424630354416,0.52,0.0499599839871872
"16","0.25","0.31640625",0.250752630283144,0.0854415049324122,1,"ch = 0.25",0.67,0.047021271782035,0.92,0.0271293199325011
"17","0.25","0.31640625",0.247855035826054,0.0573703956385814,1,"ch = 0.5",0.55,0.049749371855331,0.76,0.0427083130081252
"18","0.25","0.31640625",0.232210954498939,0.038198060408623,1,"ch = 1",0.21,0.0407308237088326,0.38,0.0485386443980464
