"","v","CATE_v","mean_est","mean_SE","bias","alg","CI.80","CI.80.SE","CI.95","CI.95.SE"
"1","-0.25","-0.09765625",-0.0745047465735456,0.0278577154195641,0,"ch = 0.25",0.62,0.0485386443980464,0.75,0.0433012701892219
"2","-0.25","-0.09765625",-0.0723427536200497,0.0191206787324675,0,"ch = 0.5",0.47,0.0499099188538711,0.61,0.0487749935930288
"3","-0.25","-0.09765625",-0.0608058349526982,0.0125021146514125,0,"ch = 1",0.18,0.0384187454245971,0.34,0.047370877129308
"4","-0.25","-0.09765625",-0.0708348829317213,0.0257141418643299,1,"ch = 0.25",0.57,0.0495075751779463,0.69,0.0462493243193887
"5","-0.25","-0.09765625",-0.0683203646978355,0.0175443631862386,1,"ch = 0.5",0.4,0.0489897948556636,0.52,0.0499599839871872
"6","-0.25","-0.09765625",-0.0587353941970113,0.0114893487035268,1,"ch = 1",0.14,0.0346987031457949,0.28,0.0448998886412873
"7","0","0",0.00587830851270955,0.0099092577892197,0,"ch = 0.25",0.48,0.0499599839871872,0.74,0.0438634243989226
"8","0","0",0.0103379877557175,0.0108403097257111,0,"ch = 0.5",0.43,0.0495075751779463,0.77,0.0420832508250016
"9","0","0",0.0259937143279694,0.0127193379780986,0,"ch = 1",0.24,0.0427083130081252,0.46,0.0498397431775085
"10","0","0",0.00624240069889538,0.00967826657116383,1,"ch = 0.25",0.49,0.0499899989998,0.68,0.0466476151587624
"11","0","0",0.0117712092332465,0.0105581675458288,1,"ch = 0.5",0.45,0.049749371855331,0.74,0.0438634243989226
"12","0","0",0.0274348756847152,0.0124649707889191,1,"ch = 1",0.2,0.04,0.4,0.0489897948556636
"13","0.25","0.31640625",0.253615602698703,0.0864851023765124,0,"ch = 0.25",0.71,0.0453762052181537,0.93,0.0255147016443461
"14","0.25","0.31640625",0.252934661786192,0.0590785068847085,0,"ch = 0.5",0.56,0.0496386945839634,0.81,0.0392300904918661
"15","0.25","0.31640625",0.235333348445279,0.0394763159522375,0,"ch = 1",0.2,0.04,0.51,0.0499899989998
"16","0.25","0.31640625",0.250752630283144,0.0854415049324122,1,"ch = 0.25",0.67,0.047021271782035,0.92,0.0271293199325011
"17","0.25","0.31640625",0.247855035826054,0.0573703956385814,1,"ch = 0.5",0.55,0.049749371855331,0.76,0.0427083130081252
"18","0.25","0.31640625",0.232210954498939,0.038198060408623,1,"ch = 1",0.21,0.0407308237088326,0.38,0.0485386443980464
